game_id,screen_name,prediction
2026_01_NE_SEA,Aaron Goodwin,65
2026_01_NE_SEA,Aaron Lindsey,64
2026_01_NE_SEA,Abhinav Shukla,72
2026_01_NE_SEA,Abraham Woycke,56
2026_01_NE_SEA,Adam Konefal,67
2026_01_NE_SEA,Ajay Patel,54
2026_01_NE_SEA,Alex McClelland,61
2026_01_NE_SEA,Alexander Gattegno,65
2026_01_NE_SEA,Alfred Orhenevego,50
2026_01_NE_SEA,Alvaro Ibañez,60
2026_01_NE_SEA,Alvin Donato,54
2026_01_NE_SEA,Amanda Duckworth,57
2026_01_NE_SEA,Andrew Himebaugh,65
2026_01_NE_SEA,Anna McCauley,61
2026_01_NE_SEA,Anthony Licciardi,60
2026_01_NE_SEA,Asher Mcnamee,50
2026_01_NE_SEA,Ashok Kumar,71
2026_01_NE_SEA,Austin ,46
2026_01_NE_SEA,Austin Smith,64
2026_01_NE_SEA,Ben Gardner,65
2026_01_NE_SEA,Ben Marx,62
2026_01_NE_SEA,Benjamin Robinson,58
2026_01_NE_SEA,Billy Cooper,70
2026_01_NE_SEA,Billy Lietz,62
2026_01_NE_SEA,Brad Tucker,77
2026_01_NE_SEA,Braydi W ,50
2026_01_NE_SEA,Brett Long,60
2026_01_NE_SEA,Brian Braun-Duin,61
2026_01_NE_SEA,Bryan Henson,50
2026_01_NE_SEA,Bryan Knowles,82
2026_01_NE_SEA,Cam Lopez,62
2026_01_NE_SEA,Camden Kay,64
2026_01_NE_SEA,Carter Chylek,100
2026_01_NE_SEA,Charlie Alex,63
2026_01_NE_SEA,Chase Clay,65
2026_01_NE_SEA,Chris Freiman,60
2026_01_NE_SEA,Chris Galligan,50
2026_01_NE_SEA,Chris Hellings,60
2026_01_NE_SEA,Chris Loomis,56
2026_01_NE_SEA,Chris Morris,55
2026_01_NE_SEA,Colton Schwartz,58
2026_01_NE_SEA,Connor McCormack,96
2026_01_NE_SEA,Connor Rosado,57
2026_01_NE_SEA,Craig Schallert,68
2026_01_NE_SEA,Cristian Felipe,50
2026_01_NE_SEA,Dakota Kitchens,75
2026_01_NE_SEA,Daniel ,58
2026_01_NE_SEA,Daniel ,62
2026_01_NE_SEA,Daniel ,70
2026_01_NE_SEA,Daniel Nebenführ,70
2026_01_NE_SEA,Danny Gardner,33
2026_01_NE_SEA,Darren Knowles,62
2026_01_NE_SEA,Darryl Sheppard,85
2026_01_NE_SEA,David Desroches,48
2026_01_NE_SEA,David Fryer,71
2026_01_NE_SEA,David Roland,57
2026_01_NE_SEA,Doug Analytics,62
2026_01_NE_SEA,Ed Malyon,70
2026_01_NE_SEA,Emanuel Salazar,61
2026_01_NE_SEA,Emil Bagnara,59
2026_01_NE_SEA,Enda Martin,61
2026_01_NE_SEA,Enyx ,62
2026_01_NE_SEA,Eric Welsh,62
2026_01_NE_SEA,Ev Babka,57
2026_01_NE_SEA,Eva Hytter,47
2026_01_NE_SEA,Evan Baum,69
2026_01_NE_SEA,Evan Koch,56
2026_01_NE_SEA,Ezzie Goldish,64
2026_01_NE_SEA,Fede Fede,71
2026_01_NE_SEA,Fernando Valdivia,79
2026_01_NE_SEA,Frank Arthurs,59
2026_01_NE_SEA,George K,41
2026_01_NE_SEA,Gonçalo Pina,69
2026_01_NE_SEA,Grant Kintner,3
2026_01_NE_SEA,Griffin Shelor,50
2026_01_NE_SEA,Griffin Shelor,64
2026_01_NE_SEA,Hailey Rivard,70
2026_01_NE_SEA,Heitor Costard,55
2026_01_NE_SEA,Hiro Boitelle,60
2026_01_NE_SEA,Ishaan Burugu,67
2026_01_NE_SEA,Ishaan Mehta,65
2026_01_NE_SEA,Ivan Patel,62
2026_01_NE_SEA,Jack ,40
2026_01_NE_SEA,Jack O'Brien,55
2026_01_NE_SEA,Jack Tuohy,72
2026_01_NE_SEA,Jacob Kaye,58
2026_01_NE_SEA,Jake ,59
2026_01_NE_SEA,Jake ,93
2026_01_NE_SEA,Jake Flynn,50
2026_01_NE_SEA,Jake Ford,61
2026_01_NE_SEA,James Latini,60
2026_01_NE_SEA,James Sanderson,80
2026_01_NE_SEA,James Tunink,50
2026_01_NE_SEA,Jamie and faer witch,50
2026_01_NE_SEA,Jason Coleman,58
2026_01_NE_SEA,Jason Fitzgerald,86
2026_01_NE_SEA,Jason Hanrahan,59
2026_01_NE_SEA,Jason Henson,60
2026_01_NE_SEA,Jason Kapcar,50
2026_01_NE_SEA,jay Hadin,33
2026_01_NE_SEA,Jeff Dauphinais,65
2026_01_NE_SEA,Jeffrey M,50
2026_01_NE_SEA,Jeremy Roell,65
2026_01_NE_SEA,Jesse Wolfersberger,61
2026_01_NE_SEA,Joe Peta,58
2026_01_NE_SEA,Joel Feinberg,75
2026_01_NE_SEA,John Arnold,66
2026_01_NE_SEA,John Drake,70
2026_01_NE_SEA,John Edwards,64
2026_01_NE_SEA,John Kostal,72
2026_01_NE_SEA,John Meerse,63
2026_01_NE_SEA,John Ryan,90
2026_01_NE_SEA,Johnathen Adair,75
2026_01_NE_SEA,Johnny Pittman Jr,50
2026_01_NE_SEA,Jon Godin,70
2026_01_NE_SEA,Jonah Rockey,61
2026_01_NE_SEA,Jonathan Schlussel,57
2026_01_NE_SEA,Joseph Bryan,55
2026_01_NE_SEA,Josh Crump,50
2026_01_NE_SEA,Joshua McGukin,0
2026_01_NE_SEA,Joshua Rode,62
2026_01_NE_SEA,julie floyd,62
2026_01_NE_SEA,Justice Wright,70
2026_01_NE_SEA,Kevin Kraege,60
2026_01_NE_SEA,Kevin Maloney,71
2026_01_NE_SEA,Kim Goldbæk,100
2026_01_NE_SEA,Kim Walker,68
2026_01_NE_SEA,Krešimir Štimac,61
2026_01_NE_SEA,Kyle Desai,70
2026_01_NE_SEA,Kyle Keifer,72
2026_01_NE_SEA,Kyle McCarthy,65
2026_01_NE_SEA,Lee Sharpe,55
2026_01_NE_SEA,Liam ,60
2026_01_NE_SEA,Liam Boyle,69
2026_01_NE_SEA,Logan Rigby,66
2026_01_NE_SEA,Lozo1016 ,63
2026_01_NE_SEA,Luca Bagnara,60
2026_01_NE_SEA,Lucas Espinosa,32
2026_01_NE_SEA,Luka Janicijevic,33
2026_01_NE_SEA,Luke McCormick,100
2026_01_NE_SEA,Luke Nelson,100
2026_01_NE_SEA,Mac Wake,70
2026_01_NE_SEA,Marc-Andrea Fiorina,60
2026_01_NE_SEA,Mark Hanson,61
2026_01_NE_SEA,Mark Hejduk,58
2026_01_NE_SEA,Market,61
2026_01_NE_SEA,Martin Mathiesen,63
2026_01_NE_SEA,Matt Velardi,0
2026_01_NE_SEA,Matthew ,61
2026_01_NE_SEA,Matthew Gardner,75
2026_01_NE_SEA,Matthew Worth,80
2026_01_NE_SEA,Matthias ,57
2026_01_NE_SEA,Mattson Laraneta,60
2026_01_NE_SEA,McCade Pearson,60
2026_01_NE_SEA,michael jentsch,63
2026_01_NE_SEA,Michael Marsh,62
2026_01_NE_SEA,Michael McDonald,50
2026_01_NE_SEA,Michele Hall,61
2026_01_NE_SEA,Mikael Nyberg,59
2026_01_NE_SEA,Mike Montoro,62
2026_01_NE_SEA,Naser Shayeb,64
2026_01_NE_SEA,Nate ,43
2026_01_NE_SEA,Nex T,58
2026_01_NE_SEA,Nicholas Brown,61
2026_01_NE_SEA,Nicholas Krall,45
2026_01_NE_SEA,Nick Drage,78
2026_01_NE_SEA,Nick Jones,67
2026_01_NE_SEA,Nick McCrory,50
2026_01_NE_SEA,Nick Mich,47
2026_01_NE_SEA,Nick Wittkop,67
2026_01_NE_SEA,Noah Cacovski,75
2026_01_NE_SEA,Nolan Gelbard,50
2026_01_NE_SEA,Odin Nonstad,100
2026_01_NE_SEA,Paolo Mondini,61
2026_01_NE_SEA,Patrick Mulcahy,60
2026_01_NE_SEA,Patrick Shirley,45
2026_01_NE_SEA,Paul Moore,66
2026_01_NE_SEA,Pierce Mulholland,74
2026_01_NE_SEA,plus minus,50
2026_01_NE_SEA,Reed Zahradnik,60
2026_01_NE_SEA,Rex johnson,100
2026_01_NE_SEA,Richard J. Donovan,80
2026_01_NE_SEA,Robert Greer,63
2026_01_NE_SEA,Robert Sasso,59
2026_01_NE_SEA,Roe Henson,66
2026_01_NE_SEA,Roman Torres,60
2026_01_NE_SEA,Ron Marmalefsky,50
2026_01_NE_SEA,Ruben Flores,75
2026_01_NE_SEA,Ryan Sarti,47
2026_01_NE_SEA,Sam Brothers,57
2026_01_NE_SEA,Sam Osterling,61
2026_01_NE_SEA,Samuel Lefkowicz,58
2026_01_NE_SEA,Saul Sultan,50
2026_01_NE_SEA,Sebastian Carl,57
2026_01_NE_SEA,shane kelly,56
2026_01_NE_SEA,Shane Murphy,59
2026_01_NE_SEA,Shaun Newkirk,65
2026_01_NE_SEA,Shaurya Thakur,74
2026_01_NE_SEA,Sheri Henson,50
2026_01_NE_SEA,Shurjo Masood,75
2026_01_NE_SEA,speedyjunk 11,63
2026_01_NE_SEA,Spencer Kerch,65
2026_01_NE_SEA,SportfolioKings ,45
2026_01_NE_SEA,Stephanie Meerse,61
2026_01_NE_SEA,Steven Patton,45
2026_01_NE_SEA,Sylvain Audet,50
2026_01_NE_SEA,Terrence Deng,71
2026_01_NE_SEA,The Purpose ,66
2026_01_NE_SEA,Tiarnan ,39
2026_01_NE_SEA,Tim Schreiber,64
2026_01_NE_SEA,Timothy Russell,77
2026_01_NE_SEA,Tom Burton,55
2026_01_NE_SEA,Tom Ragaert,66
2026_01_NE_SEA,Trevor Garcia,57
2026_01_NE_SEA,Trevor Robb,43
2026_01_NE_SEA,Truman Bennet,67
2026_01_NE_SEA,Turner Badowski,61
2026_01_NE_SEA,Turon Parker,64
2026_01_NE_SEA,Uriah Dawkins,58
2026_01_NE_SEA,Walter Kolczynski,66
2026_01_NE_SEA,Will Lonnquist,62
2026_01_NE_SEA,Zach Bradlow,74
2026_01_NE_SEA,Zach Chaba,65
2026_01_NE_SEA,Zach Nguyen,68
2026_01_NE_SEA,Zachary Miley,63
2026_01_NE_SEA,Zack Cerpa-Weinberg,59
2026_01_NE_SEA,Zack Vandiver,50
2026_01_SF_LA,Aaron Goodwin,68
2026_01_SF_LA,Aaron Lindsey,66
2026_01_SF_LA,Abhinav Shukla,51
2026_01_SF_LA,Abraham Woycke,70
2026_01_SF_LA,Adam Konefal,64
2026_01_SF_LA,Ajay Patel,58
2026_01_SF_LA,Alex McClelland,65
2026_01_SF_LA,Alexander Gattegno,57
2026_01_SF_LA,Alfred Orhenevego,50
2026_01_SF_LA,Alvaro Ibañez,53
2026_01_SF_LA,Alvin Donato,61
2026_01_SF_LA,Amanda Duckworth,58
2026_01_SF_LA,Andrew Himebaugh,70
2026_01_SF_LA,Andrew Jordan,70
2026_01_SF_LA,Anna McCauley,67
2026_01_SF_LA,Anthony Licciardi,64
2026_01_SF_LA,Asher Mcnamee,98
2026_01_SF_LA,Ashok Kumar,74
2026_01_SF_LA,Austin ,48
2026_01_SF_LA,Austin Smith,65
2026_01_SF_LA,Ben Gardner,44
2026_01_SF_LA,Ben Marx,58
2026_01_SF_LA,Benjamin Robinson,60
2026_01_SF_LA,Billy Cooper,75
2026_01_SF_LA,Billy Lietz,65
2026_01_SF_LA,Brad Tucker,73
2026_01_SF_LA,Braydi W ,65
2026_01_SF_LA,Brett Long,63
2026_01_SF_LA,Brian Braun-Duin,57
2026_01_SF_LA,Bryan Henson,60
2026_01_SF_LA,Bryan Knowles,67
2026_01_SF_LA,Cam Lopez,74
2026_01_SF_LA,Camden Kay,62
2026_01_SF_LA,Carter Chylek,100
2026_01_SF_LA,Charlie Alex,64
2026_01_SF_LA,Chase Clay,75
2026_01_SF_LA,Chris Freiman,67
2026_01_SF_LA,Chris Galligan,50
2026_01_SF_LA,Chris Hellings,69
2026_01_SF_LA,Chris Loomis,71
2026_01_SF_LA,Chris Morris,50
2026_01_SF_LA,Colton Schwartz,61
2026_01_SF_LA,Connor McCormack,91
2026_01_SF_LA,Connor Rosado,53
2026_01_SF_LA,Craig Schallert,61
2026_01_SF_LA,Cristian Felipe,50
2026_01_SF_LA,Dakota Kitchens,100
2026_01_SF_LA,Daniel ,67
2026_01_SF_LA,Daniel ,65
2026_01_SF_LA,Daniel ,80
2026_01_SF_LA,Daniel Nebenführ,60
2026_01_SF_LA,Danny Gardner,62
2026_01_SF_LA,Darren Knowles,68
2026_01_SF_LA,Darryl Sheppard,70
2026_01_SF_LA,David Desroches,68
2026_01_SF_LA,David Fryer,83
2026_01_SF_LA,David Roland,68
2026_01_SF_LA,Dedra Henson,63
2026_01_SF_LA,Doug Analytics,65
2026_01_SF_LA,Ed Malyon,34
2026_01_SF_LA,Emanuel Salazar,67
2026_01_SF_LA,Emil Bagnara,64
2026_01_SF_LA,Enda Martin,65
2026_01_SF_LA,Enyx ,58
2026_01_SF_LA,Eric Welsh,65
2026_01_SF_LA,Ev Babka,64
2026_01_SF_LA,Eva Hytter,60
2026_01_SF_LA,Evan Baum,44
2026_01_SF_LA,Evan Koch,60
2026_01_SF_LA,Ezzie Goldish,64
2026_01_SF_LA,Fede Fede,68
2026_01_SF_LA,Fernando Valdivia,30
2026_01_SF_LA,Frank Arthurs,63
2026_01_SF_LA,George K,69
2026_01_SF_LA,Gonçalo Pina,62
2026_01_SF_LA,Grant Kintner,100
2026_01_SF_LA,Griffin Shelor,57
2026_01_SF_LA,Griffin Shelor,50
2026_01_SF_LA,Hailey Rivard,80
2026_01_SF_LA,Heitor Costard,55
2026_01_SF_LA,Hiro Boitelle,75
2026_01_SF_LA,IGB ,63
2026_01_SF_LA,Ishaan Burugu,49
2026_01_SF_LA,Ishaan Mehta,50
2026_01_SF_LA,Ivan Patel,68
2026_01_SF_LA,Jack ,100
2026_01_SF_LA,Jack O'Brien,68
2026_01_SF_LA,Jack Tuohy,71
2026_01_SF_LA,Jacob Kaye,64
2026_01_SF_LA,Jake ,27
2026_01_SF_LA,Jake ,62
2026_01_SF_LA,Jake Flynn,50
2026_01_SF_LA,Jake Ford,65
2026_01_SF_LA,James Latini,65
2026_01_SF_LA,James Sanderson,78
2026_01_SF_LA,James Tunink,83
2026_01_SF_LA,Jamie and faer witch,50
2026_01_SF_LA,Jason Coleman,69
2026_01_SF_LA,Jason Fitzgerald,55
2026_01_SF_LA,Jason Hanrahan,62
2026_01_SF_LA,Jason Henson,64
2026_01_SF_LA,Jason Kapcar,65
2026_01_SF_LA,Javier Belloso Martínez,65
2026_01_SF_LA,jay Hadin,50
2026_01_SF_LA,Jeff Dauphinais,66
2026_01_SF_LA,Jeffrey M,30
2026_01_SF_LA,Jeremy Roell,56
2026_01_SF_LA,Jesse Wolfersberger,65
2026_01_SF_LA,Joe Peta,67
2026_01_SF_LA,Joel Feinberg,40
2026_01_SF_LA,John Arnold,62
2026_01_SF_LA,John Drake,70
2026_01_SF_LA,John Edwards,64
2026_01_SF_LA,John Kostal,57
2026_01_SF_LA,John Meerse,60
2026_01_SF_LA,John Ryan,80
2026_01_SF_LA,Johnathen Adair,60
2026_01_SF_LA,Johnny Pittman Jr,50
2026_01_SF_LA,Jon Godin,75
2026_01_SF_LA,Jonah Rockey,65
2026_01_SF_LA,Jonathan Schlussel,62
2026_01_SF_LA,Joseph Bryan,50
2026_01_SF_LA,Josh Crump,50
2026_01_SF_LA,Joshua McGukin,100
2026_01_SF_LA,Joshua Rode,61
2026_01_SF_LA,julie floyd,63
2026_01_SF_LA,Justice Wright,100
2026_01_SF_LA,kate dauphinais,50
2026_01_SF_LA,Kevin Kraege,66
2026_01_SF_LA,Kevin Maloney,39
2026_01_SF_LA,Kim Goldbæk,48
2026_01_SF_LA,Kim Walker,76
2026_01_SF_LA,Krešimir Štimac,65
2026_01_SF_LA,Kyle Desai,70
2026_01_SF_LA,Kyle Keifer,77
2026_01_SF_LA,Kyle McCarthy,50
2026_01_SF_LA,Lee Sharpe,60
2026_01_SF_LA,Liam ,80
2026_01_SF_LA,Liam Boyle,61
2026_01_SF_LA,Logan Rigby,50
2026_01_SF_LA,Lozo1016 ,67
2026_01_SF_LA,Luca Bagnara,56
2026_01_SF_LA,Lucas Espinosa,72
2026_01_SF_LA,Luka Janicijevic,46
2026_01_SF_LA,Luke McCormick,98
2026_01_SF_LA,Luke Nelson,98
2026_01_SF_LA,Mac Wake,50
2026_01_SF_LA,Marc-Andrea Fiorina,65
2026_01_SF_LA,Mark Hanson,56
2026_01_SF_LA,Mark Hejduk,61
2026_01_SF_LA,Market,67
2026_01_SF_LA,Martin Mathiesen,70
2026_01_SF_LA,Matt Velardi,100
2026_01_SF_LA,Matthew ,65
2026_01_SF_LA,Matthew Gardner,75
2026_01_SF_LA,Matthew Worth,70
2026_01_SF_LA,Matthias ,74
2026_01_SF_LA,Mattson Laraneta,65
2026_01_SF_LA,McCade Pearson,69
2026_01_SF_LA,michael jentsch,60
2026_01_SF_LA,Michael Marsh,63
2026_01_SF_LA,Michael McDonald,43
2026_01_SF_LA,Michele Hall,65
2026_01_SF_LA,Mikael Nyberg,61
2026_01_SF_LA,Mike Montoro,63
2026_01_SF_LA,Naser Shayeb,59
2026_01_SF_LA,Nate ,50
2026_01_SF_LA,Nathan Long,41
2026_01_SF_LA,Nex T,62
2026_01_SF_LA,Nicholas Brown,62
2026_01_SF_LA,Nicholas Krall,49
2026_01_SF_LA,Nick Drage,65
2026_01_SF_LA,Nick Jones,65
2026_01_SF_LA,Nick McCrory,50
2026_01_SF_LA,Nick Mich,69
2026_01_SF_LA,Nick Wittkop,60
2026_01_SF_LA,Noah Cacovski,65
2026_01_SF_LA,Nolan Gelbard,50
2026_01_SF_LA,Odin Nonstad,85
2026_01_SF_LA,Paolo Mondini,50
2026_01_SF_LA,Patrick Mulcahy,60
2026_01_SF_LA,Patrick Shirley,67
2026_01_SF_LA,Paul Moore,69
2026_01_SF_LA,Pierce Mulholland,76
2026_01_SF_LA,plus minus,50
2026_01_SF_LA,Quinn S,61
2026_01_SF_LA,Reed Zahradnik,60
2026_01_SF_LA,Rex johnson,100
2026_01_SF_LA,Richard J. Donovan,67
2026_01_SF_LA,Robert Greer,63
2026_01_SF_LA,Robert Sasso,67
2026_01_SF_LA,Roe Henson,70
2026_01_SF_LA,Roman Torres,45
2026_01_SF_LA,Ron Marmalefsky,0
2026_01_SF_LA,Ron Marmalefsky,50
2026_01_SF_LA,Ruben Flores,77
2026_01_SF_LA,Ryan Sarti,55
2026_01_SF_LA,Sam Brothers,64
2026_01_SF_LA,Sam Osterling,46
2026_01_SF_LA,Samuel Lefkowicz,59
2026_01_SF_LA,Saul Sultan,50
2026_01_SF_LA,Sebastian Carl,61
2026_01_SF_LA,shane kelly,66
2026_01_SF_LA,Shane Murphy,63
2026_01_SF_LA,Shaun Newkirk,64
2026_01_SF_LA,Shaurya Thakur,69
2026_01_SF_LA,Sheri Henson,65
2026_01_SF_LA,Shurjo Masood,48
2026_01_SF_LA,speedyjunk 11,65
2026_01_SF_LA,Spencer Kerch,69
2026_01_SF_LA,SportfolioKings ,63
2026_01_SF_LA,Stephanie Meerse,67
2026_01_SF_LA,Steven Patton,65
2026_01_SF_LA,Sylvain Audet,50
2026_01_SF_LA,Terrence Deng,55
2026_01_SF_LA,The Purpose ,57
2026_01_SF_LA,Tiarnan ,36
2026_01_SF_LA,Tim Schreiber,59
2026_01_SF_LA,Timothy Russell,79
2026_01_SF_LA,Tom Burton,52
2026_01_SF_LA,Tom Ragaert,67
2026_01_SF_LA,Tommy Chandler,61
2026_01_SF_LA,Trevor Garcia,45
2026_01_SF_LA,Trevor Robb,50
2026_01_SF_LA,Truman Bennet,50
2026_01_SF_LA,Turner Badowski,66
2026_01_SF_LA,Turon Parker,64
2026_01_SF_LA,Uriah Dawkins,64
2026_01_SF_LA,Walter Kolczynski,59
2026_01_SF_LA,Will Lonnquist,62
2026_01_SF_LA,Zach Bradlow,67
2026_01_SF_LA,Zach Chaba,70
2026_01_SF_LA,Zach Nguyen,64
2026_01_SF_LA,Zachary Miley,78
2026_01_SF_LA,Zack Cerpa-Weinberg,66
2026_01_SF_LA,Zack Vandiver,61
2026_01_TB_CIN,Aaron Goodwin,73
2026_01_TB_CIN,Aaron Lindsey,62
2026_01_TB_CIN,Abhinav Shukla,53
2026_01_TB_CIN,Abraham Woycke,60
2026_01_TB_CIN,Adam Konefal,61
2026_01_TB_CIN,Ajay Patel,65
2026_01_TB_CIN,Alex McClelland,66
2026_01_TB_CIN,Alexander Gattegno,48
2026_01_TB_CIN,Alfred Orhenevego,32
2026_01_TB_CIN,Alvaro Ibañez,59
2026_01_TB_CIN,Alvin Donato,53
2026_01_TB_CIN,Amanda Duckworth,61
2026_01_TB_CIN,Andrew Dauphinais,44
2026_01_TB_CIN,Andrew Himebaugh,75
2026_01_TB_CIN,Andrew Jordan,47
2026_01_TB_CIN,Anna McCauley,66
2026_01_TB_CIN,Anthony Licciardi,64
2026_01_TB_CIN,Asher Mcnamee,98
2026_01_TB_CIN,Ashok Kumar,50
2026_01_TB_CIN,Austin ,56
2026_01_TB_CIN,Austin Smith,67
2026_01_TB_CIN,Ben Gardner,64
2026_01_TB_CIN,Ben Marx,45
2026_01_TB_CIN,Benjamin Robinson,57
2026_01_TB_CIN,Billy Cooper,70
2026_01_TB_CIN,Billy Lietz,65
2026_01_TB_CIN,Brad Tucker,58
2026_01_TB_CIN,Braydi W ,65
2026_01_TB_CIN,Brett Long,65
2026_01_TB_CIN,Brian Braun-Duin,50
2026_01_TB_CIN,Bryan Henson,83
2026_01_TB_CIN,Bryan Knowles,66
2026_01_TB_CIN,Cam Lopez,66
2026_01_TB_CIN,Camden Kay,68
2026_01_TB_CIN,Carter Chylek,40
2026_01_TB_CIN,Charlie Alex,66
2026_01_TB_CIN,Chase Clay,44
2026_01_TB_CIN,Chinmay The Math Guy,64
2026_01_TB_CIN,Chris Freiman,65
2026_01_TB_CIN,Chris Galligan,50
2026_01_TB_CIN,Chris Hellings,61
2026_01_TB_CIN,Chris Loomis,73
2026_01_TB_CIN,Chris Morris,50
2026_01_TB_CIN,Colton Schwartz,50
2026_01_TB_CIN,Connor McCormack,54
2026_01_TB_CIN,Connor Rosado,59
2026_01_TB_CIN,Craig Schallert,59
2026_01_TB_CIN,Cristian Felipe,50
2026_01_TB_CIN,Dakota Kitchens,70
2026_01_TB_CIN,Daniel ,66
2026_01_TB_CIN,Daniel ,63
2026_01_TB_CIN,Daniel ,71
2026_01_TB_CIN,Daniel Nebenführ,50
2026_01_TB_CIN,Danny Gardner,50
2026_01_TB_CIN,Darren Knowles,68
2026_01_TB_CIN,Darryl Sheppard,44
2026_01_TB_CIN,David Desroches,62
2026_01_TB_CIN,David Fryer,73
2026_01_TB_CIN,David Roland,65
2026_01_TB_CIN,Dedra Henson,62
2026_01_TB_CIN,Doug Analytics,66
2026_01_TB_CIN,Ed Malyon,60
2026_01_TB_CIN,Ed Salinas,77
2026_01_TB_CIN,Emanuel Salazar,100
2026_01_TB_CIN,Emil Bagnara,59
2026_01_TB_CIN,Enda Martin,66
2026_01_TB_CIN,Enyx ,57
2026_01_TB_CIN,Eric Welsh,66
2026_01_TB_CIN,Erik Ramos,47
2026_01_TB_CIN,Ethan Schaffer,44
2026_01_TB_CIN,Ev Babka,63
2026_01_TB_CIN,Eva Hytter,73
2026_01_TB_CIN,Evan Baum,67
2026_01_TB_CIN,Evan Koch,52
2026_01_TB_CIN,Ezzie Goldish,64
2026_01_TB_CIN,Fede Fede,64
2026_01_TB_CIN,Fernando Valdivia,85
2026_01_TB_CIN,Frank Arthurs,64
2026_01_TB_CIN,George K,69
2026_01_TB_CIN,Gonçalo Pina,72
2026_01_TB_CIN,Grant Kintner,40
2026_01_TB_CIN,Griffin Shelor,59
2026_01_TB_CIN,Griffin Shelor,50
2026_01_TB_CIN,Hailey Rivard,65
2026_01_TB_CIN,Heitor Costard,63
2026_01_TB_CIN,Hiro Boitelle,70
2026_01_TB_CIN,IGB ,57
2026_01_TB_CIN,Ishaan Burugu,56
2026_01_TB_CIN,Ishaan Mehta,50
2026_01_TB_CIN,Ivan Patel,66
2026_01_TB_CIN,Jack ,65
2026_01_TB_CIN,Jack O'Brien,63
2026_01_TB_CIN,Jack Tuohy,63
2026_01_TB_CIN,Jacob Kaye,62
2026_01_TB_CIN,Jacob Thompson,50
2026_01_TB_CIN,Jake ,66
2026_01_TB_CIN,Jake ,74
2026_01_TB_CIN,Jake Flynn,64
2026_01_TB_CIN,Jake Ford,65
2026_01_TB_CIN,James Latini,45
2026_01_TB_CIN,James Sanderson,75
2026_01_TB_CIN,James Tunink,64
2026_01_TB_CIN,Jamie and faer witch,50
2026_01_TB_CIN,Jason Coleman,50
2026_01_TB_CIN,Jason Fitzgerald,54
2026_01_TB_CIN,Jason Hanrahan,61
2026_01_TB_CIN,Jason Henson,50
2026_01_TB_CIN,Jason Kapcar,65
2026_01_TB_CIN,Javier Belloso Martínez,50
2026_01_TB_CIN,jay Hadin,50
2026_01_TB_CIN,Jeff Dauphinais,68
2026_01_TB_CIN,Jeffrey M,24
2026_01_TB_CIN,Jeremy Roell,45
2026_01_TB_CIN,Jesse Wolfersberger,66
2026_01_TB_CIN,Joe Peta,61
2026_01_TB_CIN,Joel Feinberg,50
2026_01_TB_CIN,John Arnold,62
2026_01_TB_CIN,John Drake,60
2026_01_TB_CIN,John Edwards,65
2026_01_TB_CIN,John Kostal,58
2026_01_TB_CIN,John Meerse,67
2026_01_TB_CIN,John Ryan,65
2026_01_TB_CIN,Johnathen Adair,66
2026_01_TB_CIN,Johnny Pittman Jr,50
2026_01_TB_CIN,Jon Godin,56
2026_01_TB_CIN,Jonah Rockey,65
2026_01_TB_CIN,Jonathan Schlussel,60
2026_01_TB_CIN,Joseph Bryan,66
2026_01_TB_CIN,Josh Crump,50
2026_01_TB_CIN,Joshua McGukin,65
2026_01_TB_CIN,Joshua Rode,69
2026_01_TB_CIN,julie floyd,59
2026_01_TB_CIN,Justice Wright,55
2026_01_TB_CIN,Kade ,50
2026_01_TB_CIN,kate dauphinais,65
2026_01_TB_CIN,Kevin Kraege,65
2026_01_TB_CIN,Kevin Maloney,40
2026_01_TB_CIN,Kim Goldbæk,70
2026_01_TB_CIN,Kim Walker,66
2026_01_TB_CIN,Krešimir Štimac,64
2026_01_TB_CIN,Kyle Desai,57
2026_01_TB_CIN,Kyle Keifer,68
2026_01_TB_CIN,Kyle McCarthy,50
2026_01_TB_CIN,Lee Sharpe,60
2026_01_TB_CIN,Liam ,45
2026_01_TB_CIN,Liam Boyle,55
2026_01_TB_CIN,Logan Rigby,50
2026_01_TB_CIN,Lozo1016 ,67
2026_01_TB_CIN,Luca Bagnara,74
2026_01_TB_CIN,Lucas Espinosa,70
2026_01_TB_CIN,Luka Janicijevic,67
2026_01_TB_CIN,Luke McCormick,78
2026_01_TB_CIN,Luke Nelson,65
2026_01_TB_CIN,Mac Wake,50
2026_01_TB_CIN,Mallikarjun G M,80
2026_01_TB_CIN,Marc-Andrea Fiorina,45
2026_01_TB_CIN,Mark Hanson,52
2026_01_TB_CIN,Mark Hejduk,61
2026_01_TB_CIN,Market,66
2026_01_TB_CIN,Martin Mathiesen,70
2026_01_TB_CIN,Matt Velardi,0
2026_01_TB_CIN,Matthew ,65
2026_01_TB_CIN,Matthew Gardner,60
2026_01_TB_CIN,Matthew Worth,70
2026_01_TB_CIN,Matthias ,59
2026_01_TB_CIN,Mattson Laraneta,55
2026_01_TB_CIN,McCade Pearson,66
2026_01_TB_CIN,michael jentsch,63
2026_01_TB_CIN,Michael Marsh,58
2026_01_TB_CIN,Michael McDonald,48
2026_01_TB_CIN,Michele Hall,72
2026_01_TB_CIN,Mikael Nyberg,64
2026_01_TB_CIN,Mike Montoro,66
2026_01_TB_CIN,Moldavito Moldavo,70
2026_01_TB_CIN,Naser Shayeb,48
2026_01_TB_CIN,Nate ,50
2026_01_TB_CIN,Nathan Long,42
2026_01_TB_CIN,Nerd Quality ,63
2026_01_TB_CIN,Nex T,65
2026_01_TB_CIN,Nicholas Brown,63
2026_01_TB_CIN,Nicholas Krall,70
2026_01_TB_CIN,Nick Drage,61
2026_01_TB_CIN,Nick Jones,65
2026_01_TB_CIN,Nick McCrory,50
2026_01_TB_CIN,Nick Mich,54
2026_01_TB_CIN,Nick Wittkop,63
2026_01_TB_CIN,Noah Cacovski,45
2026_01_TB_CIN,Nolan Gelbard,50
2026_01_TB_CIN,Odin Nonstad,75
2026_01_TB_CIN,Paolo Mondini,66
2026_01_TB_CIN,Patrick Mulcahy,64
2026_01_TB_CIN,Patrick Shirley,61
2026_01_TB_CIN,Paul Moore,62
2026_01_TB_CIN,Pierce Mulholland,50
2026_01_TB_CIN,plus minus,50
2026_01_TB_CIN,Quinn S,64
2026_01_TB_CIN,Reed Zahradnik,60
2026_01_TB_CIN,Rex johnson,70
2026_01_TB_CIN,Richard J. Donovan,67
2026_01_TB_CIN,Robert Greer,63
2026_01_TB_CIN,Robert Sasso,64
2026_01_TB_CIN,Roe Henson,71
2026_01_TB_CIN,Roman Torres,45
2026_01_TB_CIN,Ron Marmalefsky,50
2026_01_TB_CIN,Ron Marmalefsky,36
2026_01_TB_CIN,Ruben Flores,77
2026_01_TB_CIN,Ryan Sarti,60
2026_01_TB_CIN,Sam Brothers,49
2026_01_TB_CIN,Sam Osterling,45
2026_01_TB_CIN,Samuel Lefkowicz,62
2026_01_TB_CIN,Saul Sultan,50
2026_01_TB_CIN,Sebastian Carl,61
2026_01_TB_CIN,shane kelly,61
2026_01_TB_CIN,Shane Murphy,67
2026_01_TB_CIN,Shaun Newkirk,70
2026_01_TB_CIN,Shaurya Thakur,100
2026_01_TB_CIN,Sheri Henson,65
2026_01_TB_CIN,Shurjo Masood,60
2026_01_TB_CIN,Sims ,50
2026_01_TB_CIN,speedyjunk 11,63
2026_01_TB_CIN,Spencer Kerch,62
2026_01_TB_CIN,SportfolioKings ,63
2026_01_TB_CIN,Stephanie Meerse,66
2026_01_TB_CIN,Steven Patton,65
2026_01_TB_CIN,Sylvain Audet,50
2026_01_TB_CIN,Terrence Deng,57
2026_01_TB_CIN,The Purpose ,60
2026_01_TB_CIN,Tiarnan ,50
2026_01_TB_CIN,Tim Proctor,50
2026_01_TB_CIN,Tim Schreiber,50
2026_01_TB_CIN,Timothy Russell,52
2026_01_TB_CIN,Tom Burton,52
2026_01_TB_CIN,Tom Ragaert,58
2026_01_TB_CIN,Tommy Chandler,50
2026_01_TB_CIN,Trevor Garcia,61
2026_01_TB_CIN,Trevor Robb,50
2026_01_TB_CIN,Truman Bennet,50
2026_01_TB_CIN,Turner Badowski,66
2026_01_TB_CIN,Turon Parker,32
2026_01_TB_CIN,Uriah Dawkins,51
2026_01_TB_CIN,Walter Kolczynski,48
2026_01_TB_CIN,Will Lonnquist,61
2026_01_TB_CIN,Wiretap ,50
2026_01_TB_CIN,Xristos Spartiotis,67
2026_01_TB_CIN,Zach Bradlow,63
2026_01_TB_CIN,Zach Chaba,59
2026_01_TB_CIN,Zach Nguyen,69
2026_01_TB_CIN,Zachary Miley,41
2026_01_TB_CIN,Zack Cerpa-Weinberg,44
2026_01_TB_CIN,Zack Vandiver,58
2026_01_BAL_IND,Aaron Goodwin,36
2026_01_BAL_IND,Aaron Lindsey,32
2026_01_BAL_IND,Abhinav Shukla,30
2026_01_BAL_IND,Abraham Woycke,43
2026_01_BAL_IND,Adam Konefal,43
2026_01_BAL_IND,Ajay Patel,42
2026_01_BAL_IND,Alex McClelland,40
2026_01_BAL_IND,Alexander Gattegno,40
2026_01_BAL_IND,Alfred Orhenevego,50
2026_01_BAL_IND,Alvaro Ibañez,37
2026_01_BAL_IND,Alvin Donato,48
2026_01_BAL_IND,Amanda Duckworth,43
2026_01_BAL_IND,Andrew Dauphinais,46
2026_01_BAL_IND,Andrew Himebaugh,20
2026_01_BAL_IND,Andrew Jordan,32
2026_01_BAL_IND,Anna McCauley,48
2026_01_BAL_IND,Anthony Licciardi,39
2026_01_BAL_IND,Asher Mcnamee,25
2026_01_BAL_IND,Ashok Kumar,50
2026_01_BAL_IND,Austin ,38
2026_01_BAL_IND,Austin Smith,37
2026_01_BAL_IND,Ben Gardner,35
2026_01_BAL_IND,Ben Marx,38
2026_01_BAL_IND,Benjamin Robinson,38
2026_01_BAL_IND,Billy Cooper,22
2026_01_BAL_IND,Billy Lietz,38
2026_01_BAL_IND,Brad Tucker,33
2026_01_BAL_IND,Braydi W ,40
2026_01_BAL_IND,Brett Long,38
2026_01_BAL_IND,Brian Braun-Duin,38
2026_01_BAL_IND,Bryan Henson,27
2026_01_BAL_IND,Bryan Knowles,71
2026_01_BAL_IND,Cam Lopez,35
2026_01_BAL_IND,Camden Kay,26
2026_01_BAL_IND,Carter Chylek,55
2026_01_BAL_IND,Charlie Alex,38
2026_01_BAL_IND,Chase Clay,38
2026_01_BAL_IND,Chinmay The Math Guy,36
2026_01_BAL_IND,Chris Freiman,38
2026_01_BAL_IND,Chris Galligan,50
2026_01_BAL_IND,Chris Hellings,40
2026_01_BAL_IND,Chris Loomis,39
2026_01_BAL_IND,Chris Morris,50
2026_01_BAL_IND,Colton Schwartz,50
2026_01_BAL_IND,Connor McCormack,24
2026_01_BAL_IND,Connor Rosado,33
2026_01_BAL_IND,Craig Schallert,44
2026_01_BAL_IND,Cristian Felipe,50
2026_01_BAL_IND,Dakota Kitchens,25
2026_01_BAL_IND,Daniel ,37
2026_01_BAL_IND,Daniel ,26
2026_01_BAL_IND,Daniel ,42
2026_01_BAL_IND,Daniel Nebenführ,50
2026_01_BAL_IND,Danny Gardner,50
2026_01_BAL_IND,Darren Knowles,35
2026_01_BAL_IND,Darryl Sheppard,33
2026_01_BAL_IND,David Desroches,37
2026_01_BAL_IND,David Fryer,41
2026_01_BAL_IND,David Roland,43
2026_01_BAL_IND,Dedra Henson,42
2026_01_BAL_IND,Doug Analytics,37
2026_01_BAL_IND,Ed Malyon,39
2026_01_BAL_IND,Ed Salinas,28
2026_01_BAL_IND,Emanuel Salazar,50
2026_01_BAL_IND,Emil Bagnara,42
2026_01_BAL_IND,Enda Martin,40
2026_01_BAL_IND,Enyx ,44
2026_01_BAL_IND,Eric Welsh,38
2026_01_BAL_IND,Erik Ramos,34
2026_01_BAL_IND,Ethan Schaffer,30
2026_01_BAL_IND,Ev Babka,37
2026_01_BAL_IND,Eva Hytter,36
2026_01_BAL_IND,Evan Baum,33
2026_01_BAL_IND,Evan Koch,28
2026_01_BAL_IND,Ezzie Goldish,43
2026_01_BAL_IND,Fede Fede,34
2026_01_BAL_IND,Fernando Valdivia,17
2026_01_BAL_IND,Frank Arthurs,42
2026_01_BAL_IND,George K,36
2026_01_BAL_IND,Gonçalo Pina,40
2026_01_BAL_IND,Grant Kintner,0
2026_01_BAL_IND,Griffin Shelor,50
2026_01_BAL_IND,Griffin Shelor,58
2026_01_BAL_IND,Hailey Rivard,15
2026_01_BAL_IND,Heitor Costard,45
2026_01_BAL_IND,Hiro Boitelle,25
2026_01_BAL_IND,IGB ,46
2026_01_BAL_IND,Ishaan Burugu,35
2026_01_BAL_IND,Ishaan Mehta,50
2026_01_BAL_IND,Ivan Patel,37
2026_01_BAL_IND,Jack ,60
2026_01_BAL_IND,Jack O'Brien,45
2026_01_BAL_IND,Jack Tuohy,38
2026_01_BAL_IND,Jacob Kaye,42
2026_01_BAL_IND,Jacob Thompson,50
2026_01_BAL_IND,Jake ,42
2026_01_BAL_IND,Jake ,29
2026_01_BAL_IND,Jake Flynn,37
2026_01_BAL_IND,Jake Ford,38
2026_01_BAL_IND,James Latini,28
2026_01_BAL_IND,James Sanderson,35
2026_01_BAL_IND,James Tunink,39
2026_01_BAL_IND,Jamie and faer witch,50
2026_01_BAL_IND,Jason Coleman,55
2026_01_BAL_IND,Jason Fitzgerald,24
2026_01_BAL_IND,Jason Hanrahan,43
2026_01_BAL_IND,Jason Henson,39
2026_01_BAL_IND,Jason Kapcar,38
2026_01_BAL_IND,Javier Belloso Martínez,50
2026_01_BAL_IND,jay Hadin,50
2026_01_BAL_IND,Jeff Dauphinais,38
2026_01_BAL_IND,Jeffrey M,86
2026_01_BAL_IND,Jeremy Roell,53
2026_01_BAL_IND,Jesse Wolfersberger,38
2026_01_BAL_IND,Joe Peta,36
2026_01_BAL_IND,Joel Feinberg,50
2026_01_BAL_IND,John Arnold,44
2026_01_BAL_IND,John Drake,40
2026_01_BAL_IND,John Edwards,38
2026_01_BAL_IND,John Kostal,39
2026_01_BAL_IND,John Meerse,38
2026_01_BAL_IND,John Ryan,40
2026_01_BAL_IND,Johnathen Adair,30
2026_01_BAL_IND,Johnny Pittman Jr,50
2026_01_BAL_IND,Jon Godin,34
2026_01_BAL_IND,Jonah Rockey,38
2026_01_BAL_IND,Jonathan Schlussel,42
2026_01_BAL_IND,Joseph Bryan,35
2026_01_BAL_IND,Josh Crump,50
2026_01_BAL_IND,Joshua McGukin,38
2026_01_BAL_IND,Joshua Rode,39
2026_01_BAL_IND,julie floyd,39
2026_01_BAL_IND,Justice Wright,0
2026_01_BAL_IND,Kade ,50
2026_01_BAL_IND,kate dauphinais,35
2026_01_BAL_IND,Kevin Kraege,41
2026_01_BAL_IND,Kevin Maloney,60
2026_01_BAL_IND,Kim Goldbæk,45
2026_01_BAL_IND,Kim Walker,36
2026_01_BAL_IND,Krešimir Štimac,36
2026_01_BAL_IND,Kyle Desai,35
2026_01_BAL_IND,Kyle Keifer,28
2026_01_BAL_IND,Kyle McCarthy,50
2026_01_BAL_IND,Lee Sharpe,40
2026_01_BAL_IND,Liam ,30
2026_01_BAL_IND,Liam Boyle,34
2026_01_BAL_IND,Logan Rigby,50
2026_01_BAL_IND,Lozo1016 ,37
2026_01_BAL_IND,Luca Bagnara,55
2026_01_BAL_IND,Lucas Espinosa,36
2026_01_BAL_IND,Luka Janicijevic,74
2026_01_BAL_IND,Luke McCormick,19
2026_01_BAL_IND,Luke Nelson,48
2026_01_BAL_IND,Mac Wake,50
2026_01_BAL_IND,Mallikarjun G M,0
2026_01_BAL_IND,Marc-Andrea Fiorina,20
2026_01_BAL_IND,Mark Hanson,30
2026_01_BAL_IND,Mark Hejduk,36
2026_01_BAL_IND,Market,40
2026_01_BAL_IND,Martin Mathiesen,36
2026_01_BAL_IND,Matt Velardi,0
2026_01_BAL_IND,Matthew ,39
2026_01_BAL_IND,Matthew Gardner,55
2026_01_BAL_IND,Matthew Worth,25
2026_01_BAL_IND,Matthias ,32
2026_01_BAL_IND,Mattson Laraneta,38
2026_01_BAL_IND,McCade Pearson,38
2026_01_BAL_IND,michael jentsch,38
2026_01_BAL_IND,Michael Marsh,43
2026_01_BAL_IND,Michael McDonald,46
2026_01_BAL_IND,Michele Hall,55
2026_01_BAL_IND,Mikael Nyberg,38
2026_01_BAL_IND,Mike Montoro,38
2026_01_BAL_IND,Moldavito Moldavo,20
2026_01_BAL_IND,Naser Shayeb,41
2026_01_BAL_IND,Nate ,50
2026_01_BAL_IND,Nathan Long,42
2026_01_BAL_IND,Nerd Quality ,45
2026_01_BAL_IND,Nex T,38
2026_01_BAL_IND,Nicholas Brown,38
2026_01_BAL_IND,Nicholas Krall,45
2026_01_BAL_IND,Nick Drage,28
2026_01_BAL_IND,Nick Jones,29
2026_01_BAL_IND,Nick McCrory,50
2026_01_BAL_IND,Nick Mich,43
2026_01_BAL_IND,Nick Wittkop,35
2026_01_BAL_IND,Noah Cacovski,45
2026_01_BAL_IND,Nolan Gelbard,50
2026_01_BAL_IND,Odin Nonstad,30
2026_01_BAL_IND,Paolo Mondini,40
2026_01_BAL_IND,Patrick Mulcahy,40
2026_01_BAL_IND,Patrick Shirley,45
2026_01_BAL_IND,Paul Moore,37
2026_01_BAL_IND,Pierce Mulholland,32
2026_01_BAL_IND,plus minus,50
2026_01_BAL_IND,Quinn S,30
2026_01_BAL_IND,Reed Zahradnik,30
2026_01_BAL_IND,Rex johnson,0
2026_01_BAL_IND,Richard J. Donovan,40
2026_01_BAL_IND,Robert Greer,41
2026_01_BAL_IND,Robert Sasso,33
2026_01_BAL_IND,Roe Henson,35
2026_01_BAL_IND,Roman Torres,40
2026_01_BAL_IND,Ron Marmalefsky,50
2026_01_BAL_IND,Ron Marmalefsky,32
2026_01_BAL_IND,Ruben Flores,16
2026_01_BAL_IND,Ryan Sarti,35
2026_01_BAL_IND,Sam Brothers,47
2026_01_BAL_IND,Sam Osterling,25
2026_01_BAL_IND,Samuel Lefkowicz,30
2026_01_BAL_IND,Saul Sultan,50
2026_01_BAL_IND,Sebastian Carl,41
2026_01_BAL_IND,shane kelly,44
2026_01_BAL_IND,Shane Murphy,37
2026_01_BAL_IND,Shaun Newkirk,38
2026_01_BAL_IND,Shaurya Thakur,50
2026_01_BAL_IND,Sheri Henson,26
2026_01_BAL_IND,Shurjo Masood,60
2026_01_BAL_IND,Sims ,50
2026_01_BAL_IND,speedyjunk 11,36
2026_01_BAL_IND,Spencer Kerch,42
2026_01_BAL_IND,SportfolioKings ,42
2026_01_BAL_IND,Stephanie Meerse,37
2026_01_BAL_IND,Steven Patton,35
2026_01_BAL_IND,Sylvain Audet,50
2026_01_BAL_IND,Terrence Deng,57
2026_01_BAL_IND,The Purpose ,42
2026_01_BAL_IND,Tiarnan ,39
2026_01_BAL_IND,Tim Proctor,50
2026_01_BAL_IND,Tim Schreiber,38
2026_01_BAL_IND,Timothy Russell,29
2026_01_BAL_IND,Tom Burton,49
2026_01_BAL_IND,Tom Ragaert,28
2026_01_BAL_IND,Tommy Chandler,50
2026_01_BAL_IND,Trevor Garcia,41
2026_01_BAL_IND,Trevor Robb,50
2026_01_BAL_IND,Truman Bennet,50
2026_01_BAL_IND,Turner Badowski,38
2026_01_BAL_IND,Turon Parker,34
2026_01_BAL_IND,Uriah Dawkins,41
2026_01_BAL_IND,Walter Kolczynski,43
2026_01_BAL_IND,Will Lonnquist,31
2026_01_BAL_IND,Wiretap ,50
2026_01_BAL_IND,Xristos Spartiotis,50
2026_01_BAL_IND,Zach Bradlow,50
2026_01_BAL_IND,Zach Chaba,25
2026_01_BAL_IND,Zach Nguyen,42
2026_01_BAL_IND,Zachary Miley,42
2026_01_BAL_IND,Zack Cerpa-Weinberg,31
2026_01_BAL_IND,Zack Vandiver,45
2026_01_CLE_JAX,Aaron Goodwin,78
2026_01_CLE_JAX,Aaron Lindsey,81
2026_01_CLE_JAX,Abhinav Shukla,79
2026_01_CLE_JAX,Abraham Woycke,86
2026_01_CLE_JAX,Adam Konefal,79
2026_01_CLE_JAX,Ajay Patel,82
2026_01_CLE_JAX,Alex McClelland,81
2026_01_CLE_JAX,Alexander Gattegno,75
2026_01_CLE_JAX,Alfred Orhenevego,50
2026_01_CLE_JAX,Alvaro Ibañez,84
2026_01_CLE_JAX,Alvin Donato,62
2026_01_CLE_JAX,Amanda Duckworth,70
2026_01_CLE_JAX,Andrew Dauphinais,64
2026_01_CLE_JAX,Andrew Himebaugh,75
2026_01_CLE_JAX,Andrew Jordan,81
2026_01_CLE_JAX,Anna McCauley,100
2026_01_CLE_JAX,Anthony Licciardi,80
2026_01_CLE_JAX,Asher Mcnamee,80
2026_01_CLE_JAX,Ashok Kumar,50
2026_01_CLE_JAX,Austin ,71
2026_01_CLE_JAX,Austin Smith,83
2026_01_CLE_JAX,Ben Gardner,85
2026_01_CLE_JAX,Ben Marx,78
2026_01_CLE_JAX,Benjamin Robinson,80
2026_01_CLE_JAX,Billy Cooper,80
2026_01_CLE_JAX,Billy Lietz,81
2026_01_CLE_JAX,Brad Tucker,81
2026_01_CLE_JAX,Braydi W ,81
2026_01_CLE_JAX,Brett Long,76
2026_01_CLE_JAX,Brian Braun-Duin,73
2026_01_CLE_JAX,Bryan Henson,100
2026_01_CLE_JAX,Bryan Knowles,95
2026_01_CLE_JAX,Cam Lopez,89
2026_01_CLE_JAX,Camden Kay,79
2026_01_CLE_JAX,Carter Chylek,70
2026_01_CLE_JAX,Charlie Alex,79
2026_01_CLE_JAX,Chase Clay,89
2026_01_CLE_JAX,Chinmay The Math Guy,77
2026_01_CLE_JAX,Chris Freiman,81
2026_01_CLE_JAX,Chris Galligan,50
2026_01_CLE_JAX,Chris Hellings,80
2026_01_CLE_JAX,Chris Loomis,69
2026_01_CLE_JAX,Chris Morris,50
2026_01_CLE_JAX,Colton Schwartz,50
2026_01_CLE_JAX,Connor McCormack,95
2026_01_CLE_JAX,Connor Rosado,79
2026_01_CLE_JAX,Craig Schallert,74
2026_01_CLE_JAX,Cristian Felipe,50
2026_01_CLE_JAX,Dakota Kitchens,100
2026_01_CLE_JAX,Daniel ,85
2026_01_CLE_JAX,Daniel ,80
2026_01_CLE_JAX,Daniel ,98
2026_01_CLE_JAX,Daniel Nebenführ,50
2026_01_CLE_JAX,Danny Gardner,50
2026_01_CLE_JAX,Darren Knowles,84
2026_01_CLE_JAX,Darryl Sheppard,74
2026_01_CLE_JAX,David Desroches,87
2026_01_CLE_JAX,David Fryer,82
2026_01_CLE_JAX,David Roland,84
2026_01_CLE_JAX,Dedra Henson,56
2026_01_CLE_JAX,Doug Analytics,77
2026_01_CLE_JAX,Ed Malyon,74
2026_01_CLE_JAX,Ed Salinas,85
2026_01_CLE_JAX,Emanuel Salazar,51
2026_01_CLE_JAX,Emil Bagnara,74
2026_01_CLE_JAX,Enda Martin,81
2026_01_CLE_JAX,Enyx ,60
2026_01_CLE_JAX,Eric Welsh,81
2026_01_CLE_JAX,Erik Ramos,86
2026_01_CLE_JAX,Ethan Schaffer,85
2026_01_CLE_JAX,Ev Babka,93
2026_01_CLE_JAX,Eva Hytter,59
2026_01_CLE_JAX,Evan Baum,71
2026_01_CLE_JAX,Evan Koch,60
2026_01_CLE_JAX,Ezzie Goldish,80
2026_01_CLE_JAX,Fede Fede,79
2026_01_CLE_JAX,Fernando Valdivia,83
2026_01_CLE_JAX,Frank Arthurs,76
2026_01_CLE_JAX,George K,79
2026_01_CLE_JAX,Gonçalo Pina,66
2026_01_CLE_JAX,Grant Kintner,100
2026_01_CLE_JAX,Griffin Shelor,73
2026_01_CLE_JAX,Griffin Shelor,50
2026_01_CLE_JAX,Hailey Rivard,100
2026_01_CLE_JAX,Heitor Costard,67
2026_01_CLE_JAX,Hiro Boitelle,65
2026_01_CLE_JAX,IGB ,73
2026_01_CLE_JAX,Ishaan Burugu,68
2026_01_CLE_JAX,Ishaan Mehta,50
2026_01_CLE_JAX,Ivan Patel,82
2026_01_CLE_JAX,Jack ,50
2026_01_CLE_JAX,Jack O'Brien,76
2026_01_CLE_JAX,Jack Tuohy,78
2026_01_CLE_JAX,Jacob Kaye,86
2026_01_CLE_JAX,Jacob Thompson,49
2026_01_CLE_JAX,Jake ,84
2026_01_CLE_JAX,Jake ,73
2026_01_CLE_JAX,Jake Flynn,74
2026_01_CLE_JAX,Jake Ford,81
2026_01_CLE_JAX,James Latini,100
2026_01_CLE_JAX,James Sanderson,85
2026_01_CLE_JAX,James Tunink,64
2026_01_CLE_JAX,Jamie and faer witch,50
2026_01_CLE_JAX,Jason Coleman,85
2026_01_CLE_JAX,Jason Fitzgerald,65
2026_01_CLE_JAX,Jason Hanrahan,82
2026_01_CLE_JAX,Jason Henson,75
2026_01_CLE_JAX,Jason Kapcar,84
2026_01_CLE_JAX,Javier Belloso Martínez,50
2026_01_CLE_JAX,jay Hadin,50
2026_01_CLE_JAX,Jeff Dauphinais,81
2026_01_CLE_JAX,Jeffrey M,26
2026_01_CLE_JAX,Jeremy Roell,69
2026_01_CLE_JAX,Jesse Wolfersberger,81
2026_01_CLE_JAX,Joe Peta,71
2026_01_CLE_JAX,Joel Feinberg,50
2026_01_CLE_JAX,John Arnold,80
2026_01_CLE_JAX,John Drake,70
2026_01_CLE_JAX,John Edwards,82
2026_01_CLE_JAX,John Kostal,82
2026_01_CLE_JAX,John Meerse,82
2026_01_CLE_JAX,John Ryan,100
2026_01_CLE_JAX,Johnathen Adair,100
2026_01_CLE_JAX,Johnny Pittman Jr,50
2026_01_CLE_JAX,Jon Godin,85
2026_01_CLE_JAX,Jonah Rockey,81
2026_01_CLE_JAX,Jonathan Schlussel,76
2026_01_CLE_JAX,Joseph Bryan,70
2026_01_CLE_JAX,Josh Crump,50
2026_01_CLE_JAX,Joshua McGukin,79
2026_01_CLE_JAX,Joshua Rode,70
2026_01_CLE_JAX,julie floyd,71
2026_01_CLE_JAX,Justice Wright,100
2026_01_CLE_JAX,Kade ,50
2026_01_CLE_JAX,kate dauphinais,85
2026_01_CLE_JAX,Kevin Kraege,80
2026_01_CLE_JAX,Kevin Maloney,75
2026_01_CLE_JAX,Kim Goldbæk,100
2026_01_CLE_JAX,Kim Walker,80
2026_01_CLE_JAX,Krešimir Štimac,81
2026_01_CLE_JAX,Kyle Desai,77
2026_01_CLE_JAX,Kyle Keifer,67
2026_01_CLE_JAX,Kyle McCarthy,50
2026_01_CLE_JAX,Lee Sharpe,75
2026_01_CLE_JAX,Liam ,80
2026_01_CLE_JAX,Liam Boyle,100
2026_01_CLE_JAX,Logan Rigby,83
2026_01_CLE_JAX,Lozo1016 ,74
2026_01_CLE_JAX,Luca Bagnara,75
2026_01_CLE_JAX,Lucas Espinosa,86
2026_01_CLE_JAX,Luka Janicijevic,100
2026_01_CLE_JAX,Luke McCormick,98
2026_01_CLE_JAX,Luke Nelson,80
2026_01_CLE_JAX,Mac Wake,50
2026_01_CLE_JAX,Mallikarjun G M,100
2026_01_CLE_JAX,Marc-Andrea Fiorina,80
2026_01_CLE_JAX,Mark Hanson,75
2026_01_CLE_JAX,Mark Hejduk,81
2026_01_CLE_JAX,Market,81
2026_01_CLE_JAX,Martin Mathiesen,84
2026_01_CLE_JAX,Matt Velardi,100
2026_01_CLE_JAX,Matthew ,100
2026_01_CLE_JAX,Matthew Gardner,88
2026_01_CLE_JAX,Matthew Worth,100
2026_01_CLE_JAX,Matthias ,75
2026_01_CLE_JAX,Mattson Laraneta,75
2026_01_CLE_JAX,McCade Pearson,81
2026_01_CLE_JAX,michael jentsch,82
2026_01_CLE_JAX,Michael Marsh,62
2026_01_CLE_JAX,Michael McDonald,75
2026_01_CLE_JAX,Michele Hall,85
2026_01_CLE_JAX,Mikael Nyberg,74
2026_01_CLE_JAX,Mike Montoro,85
2026_01_CLE_JAX,Moldavito Moldavo,90
2026_01_CLE_JAX,Naser Shayeb,71
2026_01_CLE_JAX,Nate ,50
2026_01_CLE_JAX,Nathan Long,72
2026_01_CLE_JAX,Nerd Quality ,81
2026_01_CLE_JAX,Nex T,73
2026_01_CLE_JAX,Nicholas Brown,77
2026_01_CLE_JAX,Nicholas Krall,100
2026_01_CLE_JAX,Nick Drage,77
2026_01_CLE_JAX,Nick Jones,85
2026_01_CLE_JAX,Nick McCrory,50
2026_01_CLE_JAX,Nick Mich,100
2026_01_CLE_JAX,Nick Wittkop,75
2026_01_CLE_JAX,Noah Cacovski,85
2026_01_CLE_JAX,Nolan Gelbard,50
2026_01_CLE_JAX,Odin Nonstad,90
2026_01_CLE_JAX,Paolo Mondini,81
2026_01_CLE_JAX,Patrick Mulcahy,85
2026_01_CLE_JAX,Patrick Shirley,76
2026_01_CLE_JAX,Paul Moore,67
2026_01_CLE_JAX,Pierce Mulholland,84
2026_01_CLE_JAX,plus minus,50
2026_01_CLE_JAX,Quinn S,100
2026_01_CLE_JAX,Reed Zahradnik,90
2026_01_CLE_JAX,Rex johnson,100
2026_01_CLE_JAX,Richard J. Donovan,80
2026_01_CLE_JAX,Robert Greer,79
2026_01_CLE_JAX,Robert Sasso,78
2026_01_CLE_JAX,Roe Henson,85
2026_01_CLE_JAX,Roman Torres,80
2026_01_CLE_JAX,Ron Marmalefsky,50
2026_01_CLE_JAX,Ron Marmalefsky,90
2026_01_CLE_JAX,Ruben Flores,24
2026_01_CLE_JAX,Ryan Sarti,65
2026_01_CLE_JAX,Sam Brothers,71
2026_01_CLE_JAX,Sam Osterling,95
2026_01_CLE_JAX,Samuel Lefkowicz,82
2026_01_CLE_JAX,Saul Sultan,50
2026_01_CLE_JAX,Sebastian Carl,79
2026_01_CLE_JAX,shane kelly,75
2026_01_CLE_JAX,Shane Murphy,80
2026_01_CLE_JAX,Shaun Newkirk,83
2026_01_CLE_JAX,Shaurya Thakur,50
2026_01_CLE_JAX,Sheri Henson,80
2026_01_CLE_JAX,Shurjo Masood,75
2026_01_CLE_JAX,Sims ,50
2026_01_CLE_JAX,speedyjunk 11,84
2026_01_CLE_JAX,Spencer Kerch,90
2026_01_CLE_JAX,SportfolioKings ,83
2026_01_CLE_JAX,Stephanie Meerse,81
2026_01_CLE_JAX,Steven Patton,85
2026_01_CLE_JAX,Sylvain Audet,50
2026_01_CLE_JAX,Terrence Deng,74
2026_01_CLE_JAX,The Purpose ,67
2026_01_CLE_JAX,Tiarnan ,50
2026_01_CLE_JAX,Tim Proctor,50
2026_01_CLE_JAX,Tim Schreiber,66
2026_01_CLE_JAX,Timothy Russell,89
2026_01_CLE_JAX,Tom Burton,51
2026_01_CLE_JAX,Tom Ragaert,84
2026_01_CLE_JAX,Tommy Chandler,50
2026_01_CLE_JAX,Trevor Garcia,100
2026_01_CLE_JAX,Trevor Robb,50
2026_01_CLE_JAX,Truman Bennet,50
2026_01_CLE_JAX,Turner Badowski,81
2026_01_CLE_JAX,Turon Parker,90
2026_01_CLE_JAX,Uriah Dawkins,62
2026_01_CLE_JAX,Walter Kolczynski,77
2026_01_CLE_JAX,Will Lonnquist,78
2026_01_CLE_JAX,Wiretap ,50
2026_01_CLE_JAX,Xristos Spartiotis,50
2026_01_CLE_JAX,Zach Bradlow,61
2026_01_CLE_JAX,Zach Chaba,95
2026_01_CLE_JAX,Zach Nguyen,0
2026_01_CLE_JAX,Zachary Miley,85
2026_01_CLE_JAX,Zack Cerpa-Weinberg,62
2026_01_CLE_JAX,Zack Vandiver,84
2026_01_NYJ_TEN,Aaron Goodwin,53
2026_01_NYJ_TEN,Aaron Lindsey,52
2026_01_NYJ_TEN,Abhinav Shukla,40
2026_01_NYJ_TEN,Abraham Woycke,58
2026_01_NYJ_TEN,Adam Konefal,48
2026_01_NYJ_TEN,Ajay Patel,47
2026_01_NYJ_TEN,Alex McClelland,52
2026_01_NYJ_TEN,Alexander Gattegno,44
2026_01_NYJ_TEN,Alfred Orhenevego,50
2026_01_NYJ_TEN,Alvaro Ibañez,52
2026_01_NYJ_TEN,Alvin Donato,47
2026_01_NYJ_TEN,Amanda Duckworth,51
2026_01_NYJ_TEN,Andrew Dauphinais,52
2026_01_NYJ_TEN,Andrew Himebaugh,50
2026_01_NYJ_TEN,Andrew Jordan,35
2026_01_NYJ_TEN,Anna McCauley,53
2026_01_NYJ_TEN,Anthony Licciardi,52
2026_01_NYJ_TEN,Asher Mcnamee,28
2026_01_NYJ_TEN,Ashok Kumar,50
2026_01_NYJ_TEN,Austin ,40
2026_01_NYJ_TEN,Austin Smith,55
2026_01_NYJ_TEN,Ben Gardner,44
2026_01_NYJ_TEN,Ben Marx,45
2026_01_NYJ_TEN,Benjamin Robinson,47
2026_01_NYJ_TEN,Billy Cooper,41
2026_01_NYJ_TEN,Billy Lietz,53
2026_01_NYJ_TEN,Brad Tucker,56
2026_01_NYJ_TEN,Braydi W ,52
2026_01_NYJ_TEN,Brett Long,50
2026_01_NYJ_TEN,Brian Braun-Duin,43
2026_01_NYJ_TEN,Bryan Henson,51
2026_01_NYJ_TEN,Bryan Knowles,65
2026_01_NYJ_TEN,Cam Lopez,41
2026_01_NYJ_TEN,Camden Kay,54
2026_01_NYJ_TEN,Carter Chylek,45
2026_01_NYJ_TEN,Charlie Alex,58
2026_01_NYJ_TEN,Chase Clay,64
2026_01_NYJ_TEN,Chinmay The Math Guy,52
2026_01_NYJ_TEN,Chris Freiman,52
2026_01_NYJ_TEN,Chris Galligan,50
2026_01_NYJ_TEN,Chris Hellings,45
2026_01_NYJ_TEN,Chris Loomis,53
2026_01_NYJ_TEN,Chris Morris,50
2026_01_NYJ_TEN,Colton Schwartz,50
2026_01_NYJ_TEN,Connor McCormack,52
2026_01_NYJ_TEN,Connor Rosado,51
2026_01_NYJ_TEN,Craig Schallert,59
2026_01_NYJ_TEN,Cristian Felipe,50
2026_01_NYJ_TEN,Dakota Kitchens,53
2026_01_NYJ_TEN,Daniel ,52
2026_01_NYJ_TEN,Daniel ,64
2026_01_NYJ_TEN,Daniel ,48
2026_01_NYJ_TEN,Daniel Nebenführ,50
2026_01_NYJ_TEN,Danny Gardner,50
2026_01_NYJ_TEN,Darren Knowles,51
2026_01_NYJ_TEN,Darryl Sheppard,38
2026_01_NYJ_TEN,David Desroches,48
2026_01_NYJ_TEN,David Fryer,44
2026_01_NYJ_TEN,David Roland,59
2026_01_NYJ_TEN,Dedra Henson,46
2026_01_NYJ_TEN,Doug Analytics,60
2026_01_NYJ_TEN,Ed Malyon,46
2026_01_NYJ_TEN,Ed Salinas,85
2026_01_NYJ_TEN,Emanuel Salazar,50
2026_01_NYJ_TEN,Emil Bagnara,51
2026_01_NYJ_TEN,Enda Martin,52
2026_01_NYJ_TEN,Enyx ,58
2026_01_NYJ_TEN,Eric Welsh,53
2026_01_NYJ_TEN,Erik Ramos,45
2026_01_NYJ_TEN,Ethan Schaffer,55
2026_01_NYJ_TEN,Ev Babka,61
2026_01_NYJ_TEN,Eva Hytter,64
2026_01_NYJ_TEN,Evan Baum,65
2026_01_NYJ_TEN,Evan Koch,45
2026_01_NYJ_TEN,Ezzie Goldish,57
2026_01_NYJ_TEN,Fede Fede,52
2026_01_NYJ_TEN,Fernando Valdivia,75
2026_01_NYJ_TEN,Frank Arthurs,52
2026_01_NYJ_TEN,George K,51
2026_01_NYJ_TEN,Gonçalo Pina,58
2026_01_NYJ_TEN,Grant Kintner,100
2026_01_NYJ_TEN,Griffin Shelor,53
2026_01_NYJ_TEN,Griffin Shelor,50
2026_01_NYJ_TEN,Hailey Rivard,65
2026_01_NYJ_TEN,Heitor Costard,48
2026_01_NYJ_TEN,Hiro Boitelle,75
2026_01_NYJ_TEN,IGB ,56
2026_01_NYJ_TEN,Ishaan Burugu,52
2026_01_NYJ_TEN,Ishaan Mehta,50
2026_01_NYJ_TEN,Ivan Patel,53
2026_01_NYJ_TEN,Jack ,55
2026_01_NYJ_TEN,Jack O'Brien,53
2026_01_NYJ_TEN,Jack Tuohy,59
2026_01_NYJ_TEN,Jacob Kaye,52
2026_01_NYJ_TEN,Jacob Thompson,50
2026_01_NYJ_TEN,Jake ,75
2026_01_NYJ_TEN,Jake ,52
2026_01_NYJ_TEN,Jake Flynn,60
2026_01_NYJ_TEN,Jake Ford,53
2026_01_NYJ_TEN,James Latini,45
2026_01_NYJ_TEN,James Sanderson,45
2026_01_NYJ_TEN,James Tunink,54
2026_01_NYJ_TEN,Jamie and faer witch,50
2026_01_NYJ_TEN,Jason Coleman,55
2026_01_NYJ_TEN,Jason Fitzgerald,45
2026_01_NYJ_TEN,Jason Hanrahan,50
2026_01_NYJ_TEN,Jason Henson,56
2026_01_NYJ_TEN,Jason Kapcar,55
2026_01_NYJ_TEN,Javier Belloso Martínez,50
2026_01_NYJ_TEN,jay Hadin,50
2026_01_NYJ_TEN,Jeff Dauphinais,52
2026_01_NYJ_TEN,Jeffrey M,63
2026_01_NYJ_TEN,Jeremy Roell,42
2026_01_NYJ_TEN,Jesse Wolfersberger,53
2026_01_NYJ_TEN,Joe Peta,59
2026_01_NYJ_TEN,Joel Feinberg,50
2026_01_NYJ_TEN,John Arnold,64
2026_01_NYJ_TEN,John Drake,45
2026_01_NYJ_TEN,John Edwards,54
2026_01_NYJ_TEN,John Kostal,46
2026_01_NYJ_TEN,John Meerse,54
2026_01_NYJ_TEN,John Ryan,19
2026_01_NYJ_TEN,Johnathen Adair,55
2026_01_NYJ_TEN,Johnny Pittman Jr,50
2026_01_NYJ_TEN,Jon Godin,47
2026_01_NYJ_TEN,Jonah Rockey,53
2026_01_NYJ_TEN,Jonathan Schlussel,57
2026_01_NYJ_TEN,Joseph Bryan,45
2026_01_NYJ_TEN,Josh Crump,50
2026_01_NYJ_TEN,Joshua McGukin,55
2026_01_NYJ_TEN,Joshua Rode,67
2026_01_NYJ_TEN,julie floyd,58
2026_01_NYJ_TEN,Justice Wright,40
2026_01_NYJ_TEN,Kade ,50
2026_01_NYJ_TEN,kate dauphinais,45
2026_01_NYJ_TEN,Kevin Kraege,51
2026_01_NYJ_TEN,Kevin Maloney,59
2026_01_NYJ_TEN,Kim Goldbæk,52
2026_01_NYJ_TEN,Kim Walker,57
2026_01_NYJ_TEN,Krešimir Štimac,53
2026_01_NYJ_TEN,Kyle Desai,43
2026_01_NYJ_TEN,Kyle Keifer,37
2026_01_NYJ_TEN,Kyle McCarthy,50
2026_01_NYJ_TEN,Lee Sharpe,51
2026_01_NYJ_TEN,Liam ,55
2026_01_NYJ_TEN,Liam Boyle,50
2026_01_NYJ_TEN,Logan Rigby,50
2026_01_NYJ_TEN,Lozo1016 ,59
2026_01_NYJ_TEN,Luca Bagnara,45
2026_01_NYJ_TEN,Lucas Espinosa,60
2026_01_NYJ_TEN,Luka Janicijevic,26
2026_01_NYJ_TEN,Luke McCormick,30
2026_01_NYJ_TEN,Luke Nelson,60
2026_01_NYJ_TEN,Mac Wake,50
2026_01_NYJ_TEN,Mallikarjun G M,100
2026_01_NYJ_TEN,Marc-Andrea Fiorina,45
2026_01_NYJ_TEN,Mark Hanson,57
2026_01_NYJ_TEN,Mark Hejduk,54
2026_01_NYJ_TEN,Market,52
2026_01_NYJ_TEN,Martin Mathiesen,55
2026_01_NYJ_TEN,Matt Velardi,0
2026_01_NYJ_TEN,Matthew ,52
2026_01_NYJ_TEN,Matthew Gardner,45
2026_01_NYJ_TEN,Matthew Worth,75
2026_01_NYJ_TEN,Matthias ,61
2026_01_NYJ_TEN,Mattson Laraneta,55
2026_01_NYJ_TEN,McCade Pearson,52
2026_01_NYJ_TEN,michael jentsch,48
2026_01_NYJ_TEN,Michael Marsh,48
2026_01_NYJ_TEN,Michael McDonald,50
2026_01_NYJ_TEN,Michele Hall,53
2026_01_NYJ_TEN,Mikael Nyberg,48
2026_01_NYJ_TEN,Mike Montoro,53
2026_01_NYJ_TEN,Moldavito Moldavo,65
2026_01_NYJ_TEN,Naser Shayeb,54
2026_01_NYJ_TEN,Nate ,50
2026_01_NYJ_TEN,Nathan Long,47
2026_01_NYJ_TEN,Nerd Quality ,45
2026_01_NYJ_TEN,Nex T,57
2026_01_NYJ_TEN,Nicholas Brown,55
2026_01_NYJ_TEN,Nicholas Krall,43
2026_01_NYJ_TEN,Nick Drage,76
2026_01_NYJ_TEN,Nick Jones,49
2026_01_NYJ_TEN,Nick McCrory,50
2026_01_NYJ_TEN,Nick Mich,72
2026_01_NYJ_TEN,Nick Wittkop,56
2026_01_NYJ_TEN,Noah Cacovski,55
2026_01_NYJ_TEN,Nolan Gelbard,50
2026_01_NYJ_TEN,Odin Nonstad,60
2026_01_NYJ_TEN,Paolo Mondini,50
2026_01_NYJ_TEN,Patrick Mulcahy,54
2026_01_NYJ_TEN,Patrick Shirley,51
2026_01_NYJ_TEN,Paul Moore,71
2026_01_NYJ_TEN,Pierce Mulholland,62
2026_01_NYJ_TEN,plus minus,50
2026_01_NYJ_TEN,Quinn S,50
2026_01_NYJ_TEN,Reed Zahradnik,45
2026_01_NYJ_TEN,Rex johnson,53
2026_01_NYJ_TEN,Richard J. Donovan,53
2026_01_NYJ_TEN,Robert Greer,56
2026_01_NYJ_TEN,Robert Sasso,54
2026_01_NYJ_TEN,Roe Henson,57
2026_01_NYJ_TEN,Roman Torres,45
2026_01_NYJ_TEN,Ron Marmalefsky,50
2026_01_NYJ_TEN,Ron Marmalefsky,63
2026_01_NYJ_TEN,Ruben Flores,58
2026_01_NYJ_TEN,Ryan Sarti,40
2026_01_NYJ_TEN,Sam Brothers,49
2026_01_NYJ_TEN,Sam Osterling,45
2026_01_NYJ_TEN,Samuel Lefkowicz,54
2026_01_NYJ_TEN,Saul Sultan,50
2026_01_NYJ_TEN,Sebastian Carl,50
2026_01_NYJ_TEN,shane kelly,55
2026_01_NYJ_TEN,Shane Murphy,53
2026_01_NYJ_TEN,Shaun Newkirk,49
2026_01_NYJ_TEN,Shaurya Thakur,50
2026_01_NYJ_TEN,Sheri Henson,77
2026_01_NYJ_TEN,Shurjo Masood,60
2026_01_NYJ_TEN,Sims ,50
2026_01_NYJ_TEN,speedyjunk 11,54
2026_01_NYJ_TEN,Spencer Kerch,53
2026_01_NYJ_TEN,SportfolioKings ,45
2026_01_NYJ_TEN,Stephanie Meerse,53
2026_01_NYJ_TEN,Steven Patton,55
2026_01_NYJ_TEN,Sylvain Audet,50
2026_01_NYJ_TEN,Terrence Deng,40
2026_01_NYJ_TEN,The Purpose ,55
2026_01_NYJ_TEN,Tiarnan ,74
2026_01_NYJ_TEN,Tim Proctor,50
2026_01_NYJ_TEN,Tim Schreiber,47
2026_01_NYJ_TEN,Timothy Russell,39
2026_01_NYJ_TEN,Tom Burton,50
2026_01_NYJ_TEN,Tom Ragaert,48
2026_01_NYJ_TEN,Tommy Chandler,50
2026_01_NYJ_TEN,Trevor Garcia,51
2026_01_NYJ_TEN,Trevor Robb,50
2026_01_NYJ_TEN,Truman Bennet,50
2026_01_NYJ_TEN,Turner Badowski,53
2026_01_NYJ_TEN,Turon Parker,56
2026_01_NYJ_TEN,Uriah Dawkins,51
2026_01_NYJ_TEN,Walter Kolczynski,52
2026_01_NYJ_TEN,Will Lonnquist,52
2026_01_NYJ_TEN,Wiretap ,50
2026_01_NYJ_TEN,Xristos Spartiotis,50
2026_01_NYJ_TEN,Zach Bradlow,54
2026_01_NYJ_TEN,Zach Chaba,71
2026_01_NYJ_TEN,Zach Nguyen,46
2026_01_NYJ_TEN,Zachary Miley,48
2026_01_NYJ_TEN,Zack Cerpa-Weinberg,57
2026_01_NYJ_TEN,Zack Vandiver,59
